Profession,Numerical Aptitude,Spatial Aptitude,R,I,A,S,E,C,Description
Accountant,10,6,3,4,3,5,5,1,"Career in Accountant domain, requiring specialized aptitude and skills."
Graphic Designer,8,7,3,4,1,3,3,5,"Career in Graphic Designer domain, requiring specialized aptitude and skills."
Salesperson,10,3,3,2,4,5,3,3,"Career in Salesperson domain, requiring specialized aptitude and skills."
Research Scientist,9,8,5,5,2,5,4,3,"Career in Research Scientist domain, requiring specialized aptitude and skills."
Teacher,5,9,4,1,4,3,2,5,"Career in Teacher domain, requiring specialized aptitude and skills."
Architect,8,3,2,2,2,3,2,3,"Career in Architect domain, requiring specialized aptitude and skills."
Nurse,7,8,4,1,5,2,5,5,"Career in Nurse domain, requiring specialized aptitude and skills."
Software Developer,7,8,4,5,4,5,5,2,"Career in Software Developer domain, requiring specialized aptitude and skills."
Psychologist,5,10,2,2,5,2,2,4,"Career in Psychologist domain, requiring specialized aptitude and skills."
Chet,5,8,4,2,3,3,4,1,"Career in Chet domain, requiring specialized aptitude and skills."
Marketing Manager,8,7,5,4,3,5,3,4,"Career in Marketing Manager domain, requiring specialized aptitude and skills."
Physician,6,7,1,1,4,2,3,5,"Career in Physician domain, requiring specialized aptitude and skills."
Artist,9,3,4,2,3,5,1,2,"Career in Artist domain, requiring specialized aptitude and skills."
Human Resources Manager,5,3,3,5,1,1,5,1,"Career in Human Resources Manager domain, requiring specialized aptitude and skills."
Construction Engineer,10,5,1,1,3,3,2,1,"Career in Construction Engineer domain, requiring specialized aptitude and skills."
Journalist,4,5,1,3,2,5,4,2,"Career in Journalist domain, requiring specialized aptitude and skills."
Astronomer,4,3,3,2,1,4,3,3,"Career in Astronomer domain, requiring specialized aptitude and skills."
Financial Analyst,5,9,1,1,4,1,5,1,"Career in Financial Analyst domain, requiring specialized aptitude and skills."
Biologist,7,6,1,4,1,1,5,5,"Career in Biologist domain, requiring specialized aptitude and skills."
Event Planner,4,9,4,4,2,5,5,2,"Career in Event Planner domain, requiring specialized aptitude and skills."
Real Estate Agent,10,6,3,5,1,4,5,5,"Career in Real Estate Agent domain, requiring specialized aptitude and skills."
Environmental Scientist,4,10,3,3,4,4,5,2,"Career in Environmental Scientist domain, requiring specialized aptitude and skills."
Lawyer,6,10,4,4,4,4,2,5,"Career in Lawyer domain, requiring specialized aptitude and skills."
IT Support Specialist,3,9,4,5,1,3,5,1,"Career in IT Support Specialist domain, requiring specialized aptitude and skills."
Fashion Designer,10,8,5,5,4,4,3,5,"Career in Fashion Designer domain, requiring specialized aptitude and skills."
Marketing Coordinator,10,3,5,1,1,3,2,2,"Career in Marketing Coordinator domain, requiring specialized aptitude and skills."
Biomedical Engineer,6,8,1,2,2,1,4,2,"Career in Biomedical Engineer domain, requiring specialized aptitude and skills."
Event Photographer,8,5,5,4,4,5,3,4,"Career in Event Photographer domain, requiring specialized aptitude and skills."
Data Analyst,5,3,5,1,2,2,2,3,"Career in Data Analyst domain, requiring specialized aptitude and skills."
Pharmacist,10,10,4,3,2,1,2,4,"Career in Pharmacist domain, requiring specialized aptitude and skills."
Social Worker,6,7,3,5,5,4,5,1,"Career in Social Worker domain, requiring specialized aptitude and skills."
Financial Planner,9,4,1,5,1,3,3,2,"Career in Financial Planner domain, requiring specialized aptitude and skills."
Biotechnologist,10,3,1,4,3,2,3,3,"Career in Biotechnologist domain, requiring specialized aptitude and skills."
HR Recruiter,10,8,3,5,4,1,5,4,"Career in HR Recruiter domain, requiring specialized aptitude and skills."
Software Quality Assurance Tester,4,10,5,1,5,2,4,3,"Career in Software Quality Assurance Tester domain, requiring specialized aptitude and skills."
Elementary School Teacher,10,4,3,3,4,1,3,3,"Career in Elementary School Teacher domain, requiring specialized aptitude and skills."
Industrial Engineer,6,4,2,5,2,2,5,5,"Career in Industrial Engineer domain, requiring specialized aptitude and skills."
Market Research Analyst,6,5,1,3,5,2,4,4,"Career in Market Research Analyst domain, requiring specialized aptitude and skills."
Financial Auditor,9,8,1,2,4,3,1,2,"Career in Financial Auditor domain, requiring specialized aptitude and skills."
Musician,4,4,5,1,5,2,1,2,"Career in Musician domain, requiring specialized aptitude and skills."
Police Detective,9,3,2,1,1,4,5,4,"Career in Police Detective domain, requiring specialized aptitude and skills."
Marketing Copywriter,9,7,4,5,2,5,1,4,"Career in Marketing Copywriter domain, requiring specialized aptitude and skills."
Zoologist,10,8,3,4,5,1,1,3,"Career in Zoologist domain, requiring specialized aptitude and skills."
Speech Therapist,6,5,4,1,3,5,1,1,"Career in Speech Therapist domain, requiring specialized aptitude and skills."
Mechanical Engineer,9,8,2,3,1,1,4,4,"Career in Mechanical Engineer domain, requiring specialized aptitude and skills."
Forensic Scientist,7,7,5,2,2,5,3,4,"Career in Forensic Scientist domain, requiring specialized aptitude and skills."
Social Media Manager,10,3,2,1,4,5,5,5,"Career in Social Media Manager domain, requiring specialized aptitude and skills."
Geologist,7,9,2,1,2,4,3,2,"Career in Geologist domain, requiring specialized aptitude and skills."
Web Developer,9,3,1,3,3,5,5,5,"Career in Web Developer domain, requiring specialized aptitude and skills."
Wildlife Biologist,3,8,3,3,3,3,1,5,"Career in Wildlife Biologist domain, requiring specialized aptitude and skills."
Air Traffic Controller,5,3,5,3,4,2,3,4,"Career in Air Traffic Controller domain, requiring specialized aptitude and skills."
Game Developer,7,5,3,5,4,5,4,3,"Career in Game Developer domain, requiring specialized aptitude and skills."
Urban Planner,7,10,5,5,4,2,5,3,"Career in Urban Planner domain, requiring specialized aptitude and skills."
Financial Advisor,10,5,4,5,2,2,5,3,"Career in Financial Advisor domain, requiring specialized aptitude and skills."
Airline Pilat,8,5,1,4,3,1,4,2,"Career in Airline Pilat domain, requiring specialized aptitude and skills."
Environmental Engineer,5,7,5,1,3,4,5,1,"Career in Environmental Engineer domain, requiring specialized aptitude and skills."
Intenor Designer,3,10,2,3,1,4,1,1,"Career in Intenor Designer domain, requiring specialized aptitude and skills."
Physical Therapist,5,4,3,5,2,3,1,4,"Career in Physical Therapist domain, requiring specialized aptitude and skills."
Mechanical Designer,8,8,4,2,1,1,1,5,"Career in Mechanical Designer domain, requiring specialized aptitude and skills."
Dental Hygienist,3,9,5,2,4,4,4,1,"Career in Dental Hygienist domain, requiring specialized aptitude and skills."
Marketing Analyst,4,5,3,4,3,4,2,1,"Career in Marketing Analyst domain, requiring specialized aptitude and skills."
Aerospace Engineer,7,6,5,3,5,3,3,3,"Career in Aerospace Engineer domain, requiring specialized aptitude and skills."
Pediatric Nurse,9,6,3,5,2,3,2,5,"Career in Pediatric Nurse domain, requiring specialized aptitude and skills."
Advertising Executive,4,8,1,3,5,4,4,2,"Career in Advertising Executive domain, requiring specialized aptitude and skills."
Wildlife Conservationist,10,9,5,3,5,1,2,2,"Career in Wildlife Conservationist domain, requiring specialized aptitude and skills."
IT Project Manager,10,7,1,4,5,4,2,4,"Career in IT Project Manager domain, requiring specialized aptitude and skills."
Forestry Technician,6,9,4,1,4,2,1,2,"Career in Forestry Technician domain, requiring specialized aptitude and skills."
Video Game Tester,8,7,4,4,4,5,4,5,"Career in Video Game Tester domain, requiring specialized aptitude and skills."
Mamage Counselor,3,3,5,5,4,3,3,1,"Career in Mamage Counselor domain, requiring specialized aptitude and skills."
Biomedical Researcher,3,6,4,2,1,1,4,5,"Career in Biomedical Researcher domain, requiring specialized aptitude and skills."
Database Administrator,6,6,2,1,4,2,3,2,"Career in Database Administrator domain, requiring specialized aptitude and skills."
Public Relations Specialist,6,10,2,5,3,2,2,1,"Career in Public Relations Specialist domain, requiring specialized aptitude and skills."
Genetic Counselor,10,3,4,3,3,2,4,2,"Career in Genetic Counselor domain, requiring specialized aptitude and skills."
Market Researcher,6,3,5,3,4,3,4,4,"Career in Market Researcher domain, requiring specialized aptitude and skills."
Occupational Therapist,10,10,4,2,5,3,5,2,"Career in Occupational Therapist domain, requiring specialized aptitude and skills."
Electrical Engineer,4,3,1,2,4,3,2,4,"Career in Electrical Engineer domain, requiring specialized aptitude and skills."
Investment Banker,8,5,2,3,4,2,5,2,"Career in Investment Banker domain, requiring specialized aptitude and skills."
Marine Biologist,8,10,3,4,5,4,2,2,"Career in Marine Biologist domain, requiring specialized aptitude and skills."
Human Rights Lawyer,7,4,1,2,4,3,2,4,"Career in Human Rights Lawyer domain, requiring specialized aptitude and skills."
Database Analyst,6,6,4,3,1,5,1,2,"Career in Database Analyst domain, requiring specialized aptitude and skills."
Pediatrician,4,3,5,5,5,4,3,4,"Career in Pediatrician domain, requiring specialized aptitude and skills."
Technical Writer,10,10,1,2,4,3,2,2,"Career in Technical Writer domain, requiring specialized aptitude and skills."
Forensic Psychologist,5,9,2,1,2,5,2,3,"Career in Forensic Psychologist domain, requiring specialized aptitude and skills."
Product Manager,8,10,3,3,3,4,4,1,"Career in Product Manager domain, requiring specialized aptitude and skills."
Fashion Stylist,10,4,4,2,4,4,2,3,"Career in Fashion Stylist domain, requiring specialized aptitude and skills."
Speech Pathologist,3,4,4,3,5,3,4,1,"Career in Speech Pathologist domain, requiring specialized aptitude and skills."
Public Health Analyst,6,8,1,1,5,2,1,2,"Career in Public Health Analyst domain, requiring specialized aptitude and skills."
Sports Coach,10,6,3,3,4,1,3,2,"Career in Sports Coach domain, requiring specialized aptitude and skills."
Insurance Underwriter,5,6,1,2,4,1,1,1,"Career in Insurance Underwriter domain, requiring specialized aptitude and skills."
Chiropractor,4,7,1,5,1,3,1,1,"Career in Chiropractor domain, requiring specialized aptitude and skills."
Radiologic Technologist,9,8,4,3,1,4,3,1,"Career in Radiologic Technologist domain, requiring specialized aptitude and skills."
Tax Accountant,6,6,4,3,4,4,5,4,"Career in Tax Accountant domain, requiring specialized aptitude and skills."
Quality Control Inspector,6,5,5,4,2,4,4,4,"Career in Quality Control Inspector domain, requiring specialized aptitude and skills."
Rehabilitation Counselor,10,5,3,2,4,4,5,1,"Career in Rehabilitation Counselor domain, requiring specialized aptitude and skills."
Film Director,6,10,4,1,1,2,1,4,"Career in Film Director domain, requiring specialized aptitude and skills."
Diplomat,10,3,2,2,1,3,5,2,"Career in Diplomat domain, requiring specialized aptitude and skills."
Police Officer,10,5,4,4,3,2,2,4,"Career in Police Officer domain, requiring specialized aptitude and skills."
Administrative Officer,10,7,3,3,3,1,2,3,"Career in Administrative Officer domain, requiring specialized aptitude and skills."
Tax Collector,7,5,1,1,5,5,3,3,"Career in Tax Collector domain, requiring specialized aptitude and skills."
Foreign Service Officer,6,3,1,4,2,3,1,5,"Career in Foreign Service Officer domain, requiring specialized aptitude and skills."
Customs and Border Protection Officer,7,8,1,1,2,3,5,1,"Career in Customs and Border Protection Officer domain, requiring specialized aptitude and skills."
Civil Engineer,7,8,3,1,4,2,4,4,"Career in Civil Engineer domain, requiring specialized aptitude and skills."
Robotics Engineer,6,6,3,3,5,2,2,2,"Career in Robotics Engineer domain, requiring specialized aptitude and skills."
Electronics Design Engineer,10,6,4,2,4,4,4,3,"Career in Electronics Design Engineer domain, requiring specialized aptitude and skills."
