Profession,R,I,A,S,E,C,Numerical_Aptitude,Spatial_Aptitude,Verbal_Aptitude,Analytical_Aptitude,Description
AI/ML Engineer,5.4,13.4,25,20.5,24.1,11.6,10,4,9,1,A career as a AI/ML Engineer requires a blend of skills aligned with RIASEC personality traits and specific aptitudes.
Accountant,4.9,16.7,17.6,17.6,23.5,19.6,1,8,3,8,A career as a Accountant requires a blend of skills aligned with RIASEC personality traits and specific aptitudes.
Administrative Officer,13.5,18.3,4.8,25,27.9,10.6,3,6,7,5,A career as a Administrative Officer requires a blend of skills aligned with RIASEC personality traits and specific aptitudes.
Advertising Executive,5.3,23.2,9.5,24.2,20,17.9,5,10,5,5,A career as a Advertising Executive requires a blend of skills aligned with RIASEC personality traits and specific aptitudes.
Aerospace Engineer,21.9,16.7,18.4,8.8,7.9,26.3,2,6,6,7,A career as a Aerospace Engineer requires a blend of skills aligned with RIASEC personality traits and specific aptitudes.
Agricultural Engineer,6.7,19.2,17.3,5.8,26,25,9,2,1,9,A career as a Agricultural Engineer requires a blend of skills aligned with RIASEC personality traits and specific aptitudes.
Air Traffic Controller,19.5,13.3,18.6,15.9,7.1,25.7,5,9,1,8,A career as a Air Traffic Controller requires a blend of skills aligned with RIASEC personality traits and specific aptitudes.
Airline Pilat,22.2,7.4,12.3,16,19.8,22.2,8,2,9,6,A career as a Airline Pilat requires a blend of skills aligned with RIASEC personality traits and specific aptitudes.
Anesthesiologist,15,18.8,18,15,18.8,14.3,3,6,10,7,A career as a Anesthesiologist requires a blend of skills aligned with RIASEC personality traits and specific aptitudes.
Animator,7.8,11.7,20.8,11.7,31.2,16.9,6,5,9,9,A career as a Animator requires a blend of skills aligned with RIASEC personality traits and specific aptitudes.
Anthropologist,24.8,17.4,5,9.9,20.7,22.3,10,7,3,4,A career as a Anthropologist requires a blend of skills aligned with RIASEC personality traits and specific aptitudes.
Architect,9.2,18.4,10.2,13.3,21.4,27.6,7,1,1,2,A career as a Architect requires a blend of skills aligned with RIASEC personality traits and specific aptitudes.
Archivist,13,15,6,23,14,29,5,6,4,3,A career as a Archivist requires a blend of skills aligned with RIASEC personality traits and specific aptitudes.
Art Director,23.7,8.5,18.6,6.8,22,20.3,2,4,5,3,A career as a Art Director requires a blend of skills aligned with RIASEC personality traits and specific aptitudes.
Artist,24.8,10.1,4.6,18.3,24.8,17.4,4,3,7,4,A career as a Artist requires a blend of skills aligned with RIASEC personality traits and specific aptitudes.
Astronomer,29,14,8,8,29,12,7,1,7,2,A career as a Astronomer requires a blend of skills aligned with RIASEC personality traits and specific aptitudes.
Automotive Engineer,11.1,22.2,20.7,13.3,21.5,11.1,7,9,5,10,A career as a Automotive Engineer requires a blend of skills aligned with RIASEC personality traits and specific aptitudes.
Biologist,12.2,14.8,18.3,13.9,16.5,24.3,4,4,9,10,A career as a Biologist requires a blend of skills aligned with RIASEC personality traits and specific aptitudes.
Biomedical Engineer,16.3,14.9,19.1,13.5,18.4,17.7,7,5,10,7,A career as a Biomedical Engineer requires a blend of skills aligned with RIASEC personality traits and specific aptitudes.
Biomedical Researcher,18.8,7.3,13.5,21.9,11.5,27.1,5,2,4,1,A career as a Biomedical Researcher requires a blend of skills aligned with RIASEC personality traits and specific aptitudes.
Biotechnologist,5.5,13.2,26.4,12.1,22,20.9,7,8,5,5,A career as a Biotechnologist requires a blend of skills aligned with RIASEC personality traits and specific aptitudes.
Blockchain Developer,12,10,24,12,12,30,4,4,2,6,A career as a Blockchain Developer requires a blend of skills aligned with RIASEC personality traits and specific aptitudes.
Business Analyst,11.6,16.8,11.6,24.2,30.5,5.3,4,6,5,9,A career as a Business Analyst requires a blend of skills aligned with RIASEC personality traits and specific aptitudes.
Career Counselor,24.8,23.9,16.2,18.8,9.4,6.8,6,2,4,1,A career as a Career Counselor requires a blend of skills aligned with RIASEC personality traits and specific aptitudes.
Carpenter,15.6,24.8,16.5,23.9,5.5,13.8,5,4,8,3,A career as a Carpenter requires a blend of skills aligned with RIASEC personality traits and specific aptitudes.
Chef,18.8,10.6,16.5,15.3,5.9,32.9,2,1,8,4,A career as a Chef requires a blend of skills aligned with RIASEC personality traits and specific aptitudes.
Chet,10.4,24,16.7,20.8,8.3,19.8,4,3,8,7,A career as a Chet requires a blend of skills aligned with RIASEC personality traits and specific aptitudes.
Child Psychologist,12,7.6,32.6,8.7,13,26.1,3,3,8,2,A career as a Child Psychologist requires a blend of skills aligned with RIASEC personality traits and specific aptitudes.
Chiropractor,18.8,20.5,6.2,8,25,21.4,8,10,3,3,A career as a Chiropractor requires a blend of skills aligned with RIASEC personality traits and specific aptitudes.
Civil Engineer,5.4,22.5,20.7,21.6,19.8,9.9,8,4,7,6,A career as a Civil Engineer requires a blend of skills aligned with RIASEC personality traits and specific aptitudes.
Civil Servant,16.7,23,16.7,12.7,10.3,20.6,2,10,6,10,A career as a Civil Servant requires a blend of skills aligned with RIASEC personality traits and specific aptitudes.
Cloud Engineer,14.2,20.8,23.3,12.5,4.2,25,4,1,10,9,A career as a Cloud Engineer requires a blend of skills aligned with RIASEC personality traits and specific aptitudes.
College Professor,17.5,22.3,24.3,23.3,4.9,7.8,4,5,4,6,A career as a College Professor requires a blend of skills aligned with RIASEC personality traits and specific aptitudes.
Compliance Officer,12.7,28.4,25.5,11.8,16.7,4.9,8,7,4,9,A career as a Compliance Officer requires a blend of skills aligned with RIASEC personality traits and specific aptitudes.
Construction Engineer,21,22,29,16,6,6,5,5,8,6,A career as a Construction Engineer requires a blend of skills aligned with RIASEC personality traits and specific aptitudes.
Content Strategist,26.4,6.9,27.6,8,20.7,10.3,1,7,6,9,A career as a Content Strategist requires a blend of skills aligned with RIASEC personality traits and specific aptitudes.
Corporate Trainer,9,20.9,17.9,16.4,23.9,11.9,7,10,7,4,A career as a Corporate Trainer requires a blend of skills aligned with RIASEC personality traits and specific aptitudes.
Customs and Border Protection Officer,25.2,21.7,7.8,22.6,8.7,13.9,3,9,6,6,A career as a Customs and Border Protection Officer requires a blend of skills aligned with RIASEC personality traits and specific aptitudes.
Cybersecurity Analyst,5.3,21.2,8,22.1,17.7,25.7,4,6,2,4,A career as a Cybersecurity Analyst requires a blend of skills aligned with RIASEC personality traits and specific aptitudes.
Data Analyst,16.7,11.1,20.8,20.8,20.8,9.7,6,9,10,1,A career as a Data Analyst requires a blend of skills aligned with RIASEC personality traits and specific aptitudes.
Data Scientist,11.1,9.3,19.4,24.1,11.1,25,9,5,10,10,A career as a Data Scientist requires a blend of skills aligned with RIASEC personality traits and specific aptitudes.
Database Administrator,26.9,14.4,11.5,23.1,11.5,12.5,9,7,7,8,A career as a Database Administrator requires a blend of skills aligned with RIASEC personality traits and specific aptitudes.
Database Analyst,28,6,24,11,24,7,3,8,1,7,A career as a Database Analyst requires a blend of skills aligned with RIASEC personality traits and specific aptitudes.
Defense Attorney,7.9,20.5,23.6,16.5,10.2,21.3,1,7,9,7,A career as a Defense Attorney requires a blend of skills aligned with RIASEC personality traits and specific aptitudes.
Dental Hygienist,5.4,9.7,10.8,25.8,26.9,21.5,3,2,7,2,A career as a Dental Hygienist requires a blend of skills aligned with RIASEC personality traits and specific aptitudes.
DevOps Engineer,6.2,25,14.6,9.4,15.6,29.2,6,7,5,2,A career as a DevOps Engineer requires a blend of skills aligned with RIASEC personality traits and specific aptitudes.
Dietitian/Nutritionist,14.2,12.3,24.5,7.5,26.4,15.1,3,6,9,1,A career as a Dietitian/Nutritionist requires a blend of skills aligned with RIASEC personality traits and specific aptitudes.
Diplomat,18.6,27.5,26.5,7.8,11.8,7.8,10,10,3,1,A career as a Diplomat requires a blend of skills aligned with RIASEC personality traits and specific aptitudes.
Drone Operator,10.8,20.6,25.5,5.9,26.5,10.8,3,7,5,7,A career as a Drone Operator requires a blend of skills aligned with RIASEC personality traits and specific aptitudes.
E-commerce Manager,20.8,17.4,19.4,20.8,12.5,9,2,9,2,3,A career as a E-commerce Manager requires a blend of skills aligned with RIASEC personality traits and specific aptitudes.
Electrical Engineer,17.2,26.9,20.4,23.7,6.5,5.4,6,8,4,10,A career as a Electrical Engineer requires a blend of skills aligned with RIASEC personality traits and specific aptitudes.
Electrician,19.8,16.8,13.9,15.8,15.8,17.8,10,1,9,1,A career as a Electrician requires a blend of skills aligned with RIASEC personality traits and specific aptitudes.
Electronics Design Engineer,23.6,14.2,13.4,19.7,8.7,20.5,4,8,4,1,A career as a Electronics Design Engineer requires a blend of skills aligned with RIASEC personality traits and specific aptitudes.
Elementary School Teacher,6.6,28.3,17.9,18.9,17.9,10.4,10,10,3,3,A career as a Elementary School Teacher requires a blend of skills aligned with RIASEC personality traits and specific aptitudes.
Entrepreneur/Startup Founder,10.4,12.2,22.6,15.7,20,19.1,7,7,7,10,A career as a Entrepreneur/Startup Founder requires a blend of skills aligned with RIASEC personality traits and specific aptitudes.
Environmental Engineer,21.8,25.2,8.4,4.2,15.1,25.2,6,4,10,7,A career as a Environmental Engineer requires a blend of skills aligned with RIASEC personality traits and specific aptitudes.
Environmental Scientist,10.3,8.6,25,22.4,20.7,12.9,7,4,6,9,A career as a Environmental Scientist requires a blend of skills aligned with RIASEC personality traits and specific aptitudes.
Epidemiologist,14.4,13.5,19.2,18.3,8.7,26,7,5,6,10,A career as a Epidemiologist requires a blend of skills aligned with RIASEC personality traits and specific aptitudes.
Event Photographer,8.1,20.3,22,6.5,19.5,23.6,1,9,6,6,A career as a Event Photographer requires a blend of skills aligned with RIASEC personality traits and specific aptitudes.
Event Planner,19.1,19.1,10.4,24.3,12.2,14.8,6,10,10,7,A career as a Event Planner requires a blend of skills aligned with RIASEC personality traits and specific aptitudes.
Fashion Designer,18.3,15.9,23,4.8,19,19,6,3,5,8,A career as a Fashion Designer requires a blend of skills aligned with RIASEC personality traits and specific aptitudes.
Fashion Stylist,18.9,15.6,5.6,14.4,33.3,12.2,1,3,3,8,A career as a Fashion Stylist requires a blend of skills aligned with RIASEC personality traits and specific aptitudes.
Film Director,23.1,13.2,14.9,23.1,12.4,13.2,10,1,2,9,A career as a Film Director requires a blend of skills aligned with RIASEC personality traits and specific aptitudes.
Film Editor,20.5,11,32.9,9.6,13.7,12.3,3,6,10,2,A career as a Film Editor requires a blend of skills aligned with RIASEC personality traits and specific aptitudes.
Financial Advisor,8.6,30.1,20.4,18.3,10.8,11.8,5,5,10,10,A career as a Financial Advisor requires a blend of skills aligned with RIASEC personality traits and specific aptitudes.
Financial Analyst,11.8,23.5,17.6,7.8,9.8,29.4,10,7,7,10,A career as a Financial Analyst requires a blend of skills aligned with RIASEC personality traits and specific aptitudes.
Financial Auditor,9.9,18.8,23.8,11.9,16.8,18.8,7,2,3,7,A career as a Financial Auditor requires a blend of skills aligned with RIASEC personality traits and specific aptitudes.
Financial Planner,23.1,18.5,13.8,9.2,15.4,20,4,9,8,9,A career as a Financial Planner requires a blend of skills aligned with RIASEC personality traits and specific aptitudes.
Foreign Service Officer,31.2,6.5,22.1,9.1,14.3,16.9,5,9,9,2,A career as a Foreign Service Officer requires a blend of skills aligned with RIASEC personality traits and specific aptitudes.
Forensic Psychologist,24,25,11,8,8,24,9,6,7,8,A career as a Forensic Psychologist requires a blend of skills aligned with RIASEC personality traits and specific aptitudes.
Forensic Scientist,29.7,12.2,9.5,8.1,18.9,21.6,8,10,1,1,A career as a Forensic Scientist requires a blend of skills aligned with RIASEC personality traits and specific aptitudes.
Forestry Technician,7.5,8.8,12.5,18.8,35,17.5,10,1,6,8,A career as a Forestry Technician requires a blend of skills aligned with RIASEC personality traits and specific aptitudes.
Game Developer,14.1,21.9,18,11.7,18,16.4,7,9,7,4,A career as a Game Developer requires a blend of skills aligned with RIASEC personality traits and specific aptitudes.
Genetic Counselor,19.7,15.8,23.7,19.7,9.2,11.8,5,5,9,10,A career as a Genetic Counselor requires a blend of skills aligned with RIASEC personality traits and specific aptitudes.
Geneticist,13.9,21.2,21.2,19.7,9.5,14.6,2,1,2,3,A career as a Geneticist requires a blend of skills aligned with RIASEC personality traits and specific aptitudes.
Geologist,20,22.9,11.4,5.7,23.8,16.2,4,6,4,5,A career as a Geologist requires a blend of skills aligned with RIASEC personality traits and specific aptitudes.
Graphic Designer,20.7,6.5,6.5,16.3,29.3,20.7,8,10,10,2,A career as a Graphic Designer requires a blend of skills aligned with RIASEC personality traits and specific aptitudes.
HR Recruiter,14.7,15.8,15.8,15.8,20,17.9,3,8,5,8,A career as a HR Recruiter requires a blend of skills aligned with RIASEC personality traits and specific aptitudes.
Historian,12.3,7.4,11.1,33.3,28.4,7.4,7,9,8,6,A career as a Historian requires a blend of skills aligned with RIASEC personality traits and specific aptitudes.
Human Resources Manager,14.5,6.6,17.1,9.2,34.2,18.4,10,9,1,4,A career as a Human Resources Manager requires a blend of skills aligned with RIASEC personality traits and specific aptitudes.
Human Rights Lawyer,14,8.1,10.5,12.8,30.2,24.4,9,8,2,6,A career as a Human Rights Lawyer requires a blend of skills aligned with RIASEC personality traits and specific aptitudes.
IT Project Manager,15.8,18.8,15.8,19.8,9.9,19.8,10,9,8,7,A career as a IT Project Manager requires a blend of skills aligned with RIASEC personality traits and specific aptitudes.
IT Support Specialist,5.3,21.4,21.4,20.6,13,18.3,9,9,9,5,A career as a IT Support Specialist requires a blend of skills aligned with RIASEC personality traits and specific aptitudes.
Illustrator,17.3,15.7,21.3,19.7,7.9,18.1,3,10,9,3,A career as a Illustrator requires a blend of skills aligned with RIASEC personality traits and specific aptitudes.
Immigration Officer,9.6,10.5,25.4,24.6,20.2,9.6,10,4,1,1,A career as a Immigration Officer requires a blend of skills aligned with RIASEC personality traits and specific aptitudes.
Industrial Engineer,15.7,18,25.8,15.7,11.2,13.5,3,7,10,7,A career as a Industrial Engineer requires a blend of skills aligned with RIASEC personality traits and specific aptitudes.
Intelligence Analyst,16.5,18.8,14.1,34.1,8.2,8.2,9,3,6,3,A career as a Intelligence Analyst requires a blend of skills aligned with RIASEC personality traits and specific aptitudes.
Intenor Designer,22.2,17.1,23.1,7.7,9.4,20.5,5,1,5,3,A career as a Intenor Designer requires a blend of skills aligned with RIASEC personality traits and specific aptitudes.
Investment Banker,16.8,6.4,23.2,17.6,17.6,18.4,2,10,2,2,A career as a Investment Banker requires a blend of skills aligned with RIASEC personality traits and specific aptitudes.
Journalist,6.7,19.3,19.3,16,21,17.6,5,3,1,9,A career as a Journalist requires a blend of skills aligned with RIASEC personality traits and specific aptitudes.
Judge,25.5,5.7,17.9,21.7,15.1,14.2,5,6,5,7,A career as a Judge requires a blend of skills aligned with RIASEC personality traits and specific aptitudes.
Lawyer,19.5,12.8,14.8,18.8,14.1,20.1,8,2,6,6,A career as a Lawyer requires a blend of skills aligned with RIASEC personality traits and specific aptitudes.
Librarian,21,11.3,16.1,19.4,8.1,24.2,8,3,1,4,A career as a Librarian requires a blend of skills aligned with RIASEC personality traits and specific aptitudes.
Logistics Coordinator,20,23.3,7.5,12.5,21.7,15,4,2,2,3,A career as a Logistics Coordinator requires a blend of skills aligned with RIASEC personality traits and specific aptitudes.
Machinist,15.7,12,18.5,14.8,17.6,21.3,10,2,6,10,A career as a Machinist requires a blend of skills aligned with RIASEC personality traits and specific aptitudes.
Mamage Counselor,6.2,13.3,22.1,19.5,23,15.9,2,10,2,5,A career as a Mamage Counselor requires a blend of skills aligned with RIASEC personality traits and specific aptitudes.
Management Consultant,8.1,24.2,19.4,21.8,13.7,12.9,3,7,9,8,A career as a Management Consultant requires a blend of skills aligned with RIASEC personality traits and specific aptitudes.
Marine Biologist,6.4,7.7,32.1,28.2,15.4,10.3,10,9,2,1,A career as a Marine Biologist requires a blend of skills aligned with RIASEC personality traits and specific aptitudes.
Market Research Analyst,14.6,17.2,12.1,17.8,19.1,19.1,7,10,7,8,A career as a Market Research Analyst requires a blend of skills aligned with RIASEC personality traits and specific aptitudes.
Market Researcher,8.3,35.7,8.3,9.5,22.6,15.5,4,10,7,6,A career as a Market Researcher requires a blend of skills aligned with RIASEC personality traits and specific aptitudes.
Marketing Analyst,17.1,20.9,21.7,4.7,16.3,19.4,8,9,9,4,A career as a Marketing Analyst requires a blend of skills aligned with RIASEC personality traits and specific aptitudes.
Marketing Coordinator,13,9.1,19.5,39,11.7,7.8,3,6,1,10,A career as a Marketing Coordinator requires a blend of skills aligned with RIASEC personality traits and specific aptitudes.
Marketing Copywriter,33.3,19.7,7.6,16.7,15.2,7.6,8,9,1,1,A career as a Marketing Copywriter requires a blend of skills aligned with RIASEC personality traits and specific aptitudes.
Marketing Manager,15.6,8.1,22.2,20,19.3,14.8,7,1,7,10,A career as a Marketing Manager requires a blend of skills aligned with RIASEC personality traits and specific aptitudes.
Mechanical Designer,9.6,18.3,24.3,13,13.9,20.9,4,5,8,1,A career as a Mechanical Designer requires a blend of skills aligned with RIASEC personality traits and specific aptitudes.
Mechanical Engineer,26,10.6,9.6,11.5,21.2,21.2,2,8,5,3,A career as a Mechanical Engineer requires a blend of skills aligned with RIASEC personality traits and specific aptitudes.
Mobile App Developer,10.9,16.3,17.1,10.9,23.3,21.7,9,7,3,10,A career as a Mobile App Developer requires a blend of skills aligned with RIASEC personality traits and specific aptitudes.
Music Producer,13.6,28.4,14.8,11.4,25,6.8,1,4,10,8,A career as a Music Producer requires a blend of skills aligned with RIASEC personality traits and specific aptitudes.
Musician,11.8,17.6,14.7,19.1,20.6,16.2,5,7,10,5,A career as a Musician requires a blend of skills aligned with RIASEC personality traits and specific aptitudes.
Network Engineer,24.7,6.2,14.4,24.7,10.3,19.6,4,5,8,5,A career as a Network Engineer requires a blend of skills aligned with RIASEC personality traits and specific aptitudes.
Non-profit Program Manager,19.1,17.7,17.7,19.9,19.1,6.4,5,7,2,6,A career as a Non-profit Program Manager requires a blend of skills aligned with RIASEC personality traits and specific aptitudes.
Nurse,9.8,4.9,26.5,13.7,26.5,18.6,5,1,4,6,A career as a Nurse requires a blend of skills aligned with RIASEC personality traits and specific aptitudes.
Occupational Health Specialist,9.8,11.5,23,15.6,20.5,19.7,9,9,5,4,A career as a Occupational Health Specialist requires a blend of skills aligned with RIASEC personality traits and specific aptitudes.
Occupational Therapist,29.6,8.6,7.4,33.3,6.2,14.8,7,7,7,8,A career as a Occupational Therapist requires a blend of skills aligned with RIASEC personality traits and specific aptitudes.
Operations Manager,18.3,13,19.1,19.1,9.9,20.6,5,8,4,10,A career as a Operations Manager requires a blend of skills aligned with RIASEC personality traits and specific aptitudes.
Optometrist,5.6,24,22.4,24,12.8,11.2,9,4,6,10,A career as a Optometrist requires a blend of skills aligned with RIASEC personality traits and specific aptitudes.
Paramedic,21.1,22.2,7.8,23.3,10,15.6,5,9,9,9,A career as a Paramedic requires a blend of skills aligned with RIASEC personality traits and specific aptitudes.
Pediatric Nurse,9.5,9.5,35.1,9.5,18.9,17.6,1,5,5,3,A career as a Pediatric Nurse requires a blend of skills aligned with RIASEC personality traits and specific aptitudes.
Pediatrician,5.7,24.8,27.6,8.6,14.3,19,4,4,6,6,A career as a Pediatrician requires a blend of skills aligned with RIASEC personality traits and specific aptitudes.
Pharmacist,17.8,18.6,16.1,23.7,6.8,16.9,10,3,7,9,A career as a Pharmacist requires a blend of skills aligned with RIASEC personality traits and specific aptitudes.
Physical Therapist,8.9,19.4,12.9,21.8,15.3,21.8,2,3,3,5,A career as a Physical Therapist requires a blend of skills aligned with RIASEC personality traits and specific aptitudes.
Physician,15.6,14.7,12.8,12.8,20.2,23.9,2,10,2,10,A career as a Physician requires a blend of skills aligned with RIASEC personality traits and specific aptitudes.
Pilot (Commercial/Helicopter),28.8,8.2,6.8,15.1,30.1,11,1,4,5,2,A career as a Pilot (Commercial/Helicopter) requires a blend of skills aligned with RIASEC personality traits and specific aptitudes.
Plumber,10.9,4.7,23.4,20.3,23.4,17.2,6,9,3,4,A career as a Plumber requires a blend of skills aligned with RIASEC personality traits and specific aptitudes.
Podcaster,5.8,23.3,11.6,14,23.3,22.1,7,5,2,5,A career as a Podcaster requires a blend of skills aligned with RIASEC personality traits and specific aptitudes.
Police Detective,12.1,18.2,14.1,14.1,21.2,20.2,8,5,3,9,A career as a Police Detective requires a blend of skills aligned with RIASEC personality traits and specific aptitudes.
Police Officer,26.9,10.3,16.7,20.5,17.9,7.7,9,1,2,4,A career as a Police Officer requires a blend of skills aligned with RIASEC personality traits and specific aptitudes.
Policy Analyst,18.9,31.6,5.3,14.7,14.7,14.7,2,9,7,9,A career as a Policy Analyst requires a blend of skills aligned with RIASEC personality traits and specific aptitudes.
Procurement Specialist,10,24.4,24.4,6.7,16.7,17.8,3,9,6,9,A career as a Procurement Specialist requires a blend of skills aligned with RIASEC personality traits and specific aptitudes.
Product Manager,18.3,15.9,22.2,14.3,19,10.3,1,9,4,8,A career as a Product Manager requires a blend of skills aligned with RIASEC personality traits and specific aptitudes.
Prosecutor,9.2,23.9,16.5,19.3,15.6,15.6,1,9,8,2,A career as a Prosecutor requires a blend of skills aligned with RIASEC personality traits and specific aptitudes.
Psychiatric Nurse,8.4,16.9,31.3,18.1,14.5,10.8,9,6,9,10,A career as a Psychiatric Nurse requires a blend of skills aligned with RIASEC personality traits and specific aptitudes.
Psychologist,24.5,16,10.4,6.6,18.9,23.6,1,4,8,9,A career as a Psychologist requires a blend of skills aligned with RIASEC personality traits and specific aptitudes.
Public Health Analyst,9.6,18.4,9.6,17.5,21.1,23.7,8,2,5,9,A career as a Public Health Analyst requires a blend of skills aligned with RIASEC personality traits and specific aptitudes.
Public Relations Specialist,13.2,23.6,20.8,9.4,17.9,15.1,7,7,3,3,A career as a Public Relations Specialist requires a blend of skills aligned with RIASEC personality traits and specific aptitudes.
Quality Control Inspector.,5.7,8,32.2,24.1,13.8,16.1,4,9,8,5,A career as a Quality Control Inspector. requires a blend of skills aligned with RIASEC personality traits and specific aptitudes.
Radiologic Technologist,9.5,23,20.6,17.5,14.3,15.1,8,3,8,3,A career as a Radiologic Technologist requires a blend of skills aligned with RIASEC personality traits and specific aptitudes.
Radiologist,8.7,26.1,5.4,21.7,6.5,31.5,2,3,7,6,A career as a Radiologist requires a blend of skills aligned with RIASEC personality traits and specific aptitudes.
Real Estate Agent,19.3,22.7,15.9,5.7,14.8,21.6,10,9,6,6,A career as a Real Estate Agent requires a blend of skills aligned with RIASEC personality traits and specific aptitudes.
Rehabilitation Counselor,13,24.4,22.8,17.9,12.2,9.8,5,10,6,10,A career as a Rehabilitation Counselor requires a blend of skills aligned with RIASEC personality traits and specific aptitudes.
Research Scientist,18.6,28.6,15.7,8.6,21.4,7.1,8,1,5,5,A career as a Research Scientist requires a blend of skills aligned with RIASEC personality traits and specific aptitudes.
Risk Analyst,18.3,7.9,21.4,18.3,14.3,19.8,10,7,4,7,A career as a Risk Analyst requires a blend of skills aligned with RIASEC personality traits and specific aptitudes.
Robotics Engineer,12.3,15.1,28.3,8.5,22.6,13.2,9,9,3,4,A career as a Robotics Engineer requires a blend of skills aligned with RIASEC personality traits and specific aptitudes.
Robotics Technician,19.6,12.1,24.3,23.4,4.7,15.9,6,3,9,3,A career as a Robotics Technician requires a blend of skills aligned with RIASEC personality traits and specific aptitudes.
Salesperson,25.2,11.7,29.1,9.7,8.7,15.5,9,6,1,9,A career as a Salesperson requires a blend of skills aligned with RIASEC personality traits and specific aptitudes.
Screenwriter,7,24,13,8,26,22,6,7,1,1,A career as a Screenwriter requires a blend of skills aligned with RIASEC personality traits and specific aptitudes.
Security Consultant,11.3,28.3,7.5,21.7,26.4,4.7,3,5,9,7,A career as a Security Consultant requires a blend of skills aligned with RIASEC personality traits and specific aptitudes.
Social Media Manager,11.4,34.2,16.5,12.7,8.9,16.5,1,2,2,8,A career as a Social Media Manager requires a blend of skills aligned with RIASEC personality traits and specific aptitudes.
Social Worker,29.9,20.6,7.2,15.5,16.5,10.3,6,4,6,1,A career as a Social Worker requires a blend of skills aligned with RIASEC personality traits and specific aptitudes.
Sociologist,9.8,21,17.5,16.8,16.8,18.2,9,10,3,1,A career as a Sociologist requires a blend of skills aligned with RIASEC personality traits and specific aptitudes.
Software Developer,21.5,15.6,20.7,14.8,17.8,9.6,6,5,9,10,A career as a Software Developer requires a blend of skills aligned with RIASEC personality traits and specific aptitudes.
Software Quality Assurance Tester,16,10,18,25,6,25,1,4,2,2,A career as a Software Quality Assurance Tester requires a blend of skills aligned with RIASEC personality traits and specific aptitudes.
Special Education Teacher,16.7,5.6,19.4,15.7,16.7,25.9,3,9,10,2,A career as a Special Education Teacher requires a blend of skills aligned with RIASEC personality traits and specific aptitudes.
Speech Pathologist,17.5,6.8,22.3,22.3,22.3,8.7,1,9,2,10,A career as a Speech Pathologist requires a blend of skills aligned with RIASEC personality traits and specific aptitudes.
Speech Therapist,13,19.1,13,18.3,17.4,19.1,4,7,6,1,A career as a Speech Therapist requires a blend of skills aligned with RIASEC personality traits and specific aptitudes.
Sports Coach Insurance Underwriter.,10.2,26.9,21.3,6.5,7.4,27.8,10,1,8,6,A career as a Sports Coach Insurance Underwriter. requires a blend of skills aligned with RIASEC personality traits and specific aptitudes.
Supply Chain Manager,28.7,27.5,7.5,15,8.8,12.5,4,2,7,10,A career as a Supply Chain Manager requires a blend of skills aligned with RIASEC personality traits and specific aptitudes.
Systems Architect,9.9,31.9,17.6,20.9,6.6,13.2,4,3,8,9,A career as a Systems Architect requires a blend of skills aligned with RIASEC personality traits and specific aptitudes.
Tax Accountant,5.4,5.4,32.3,29,14,14,9,1,5,6,A career as a Tax Accountant requires a blend of skills aligned with RIASEC personality traits and specific aptitudes.
Tax Collector,8.3,19,11.6,15.7,23.1,22.3,3,4,2,9,A career as a Tax Collector requires a blend of skills aligned with RIASEC personality traits and specific aptitudes.
Teacher,27.8,15.6,14.4,15.6,12.2,14.4,10,5,9,8,A career as a Teacher requires a blend of skills aligned with RIASEC personality traits and specific aptitudes.
Technical Writer,17.8,13.1,13.1,20.6,15,20.6,1,9,7,9,A career as a Technical Writer requires a blend of skills aligned with RIASEC personality traits and specific aptitudes.
Theatre Actor,7.1,17.2,29.3,18.2,11.1,17.2,7,8,10,2,A career as a Theatre Actor requires a blend of skills aligned with RIASEC personality traits and specific aptitudes.
UI/UX Designer,15.4,21.2,26,16.3,8.7,12.5,1,6,7,5,A career as a UI/UX Designer requires a blend of skills aligned with RIASEC personality traits and specific aptitudes.
Urban Planner,12.2,27.6,22.4,16.3,10.2,11.2,1,4,4,6,A career as a Urban Planner requires a blend of skills aligned with RIASEC personality traits and specific aptitudes.
Urban Policy Planner,7.1,17.2,23.2,11.1,15.2,26.3,4,9,3,4,A career as a Urban Policy Planner requires a blend of skills aligned with RIASEC personality traits and specific aptitudes.
Veterinary Doctor,10,8.8,30,35,7.5,8.8,1,1,2,5,A career as a Veterinary Doctor requires a blend of skills aligned with RIASEC personality traits and specific aptitudes.
Video Game Tester,22.1,16.3,10.5,18.6,26.7,5.8,7,2,7,7,A career as a Video Game Tester requires a blend of skills aligned with RIASEC personality traits and specific aptitudes.
Web Developer,17,13.8,14.9,18.1,19.1,17,10,5,7,9,A career as a Web Developer requires a blend of skills aligned with RIASEC personality traits and specific aptitudes.
Welder,18.6,12.4,6.2,17.5,17.5,27.8,9,10,10,9,A career as a Welder requires a blend of skills aligned with RIASEC personality traits and specific aptitudes.
Wildlife Biologist,20.6,17.6,16.7,6.9,22.5,15.7,2,2,2,4,A career as a Wildlife Biologist requires a blend of skills aligned with RIASEC personality traits and specific aptitudes.
Wildlife Conservationist,18.2,11.4,23.9,20.5,5.7,20.5,3,3,1,4,A career as a Wildlife Conservationist requires a blend of skills aligned with RIASEC personality traits and specific aptitudes.
Zoologist,18.3,12.5,9.2,23.3,23.3,13.3,8,5,4,7,A career as a Zoologist requires a blend of skills aligned with RIASEC personality traits and specific aptitudes.
